{
  "emails": {
    "sender": {
      "name": "string",
      "email": "string",
      "organization": "string"
    },
    "recipient": {
      "name": "string",
      "email": "string",
      "organization": "string"
    },
    "date": "string (ISO 8601 format)",
    "subject": "string (Descriptive Subject Line without direct request type mention)",
    "body": {
      "deal_details": {
        "deal_name": "string",
        "deal_CUSIP": "string",
        "deal_ISIN": "string",
        "facility_CUSIP": "string",
        "facility_ISIN": "string",
        "lender_MEI": "string"
      },
      "overview": "string (General summary of transaction or financial adjustments)",
      "content": "string (Detailed explanation with indirect references to request type, including keywords, action phrases, monetary values, effective dates, and involved organizations)",
      "instructions": "string (Specific actions, e.g., 'Please remit the payment by [date]' or 'Return excess payments within [timeframe]')",
      "comments": "string (Additional notes or clarifications, e.g., 'For any issues, contact the undersigned.')",
      "payment_details": {
        "bank_name": "string (Bank processing the transaction)",
        "aba_number": "string (Routing number)",
        "account_number": "string (Account number for transactions)",
        "reference": "string (Reference or transaction description)"
      },
      "signature": {
        "thanks_and_regards": "string (Sender's Name and Organization)",
        "contact_information": "string (Email/Phone/Fax for direct correspondence)"
      }
    }
  }
}
