{
  "RequestType": "Money Movement-Outbound",
  "SubRequestTypes": {
    "Timebound": {
      "Keywords": [
        "Scheduled outgoing transfer",
        "Time-sensitive payout initiated"
      ],
      "Examples": [
        "Your scheduled outgoing transfer is being processed.",
        "A time-sensitive payout has been initiated on your behalf.",
        "Funds will be released as per the agreed timeline.",
        "Your disbursement request has been queued for execution.",
        "The transaction is scheduled to be completed on [date]."
      ],
      "ActionPhrases": [
        "Transfer initiated per borrower’s request",
        "Funds scheduled for release on [date]"
      ],
      "DatePhrases": [
        "Payment scheduled for [date]"
      ]
    }
  }
}
