{
  "RequestTypes": {
    "Adjustment": {
      "Keywords": [
        "Lender share reallocation",
        "Portfolio balance adjustment",
        "Facility share modification",
        "Rebalancing loan commitments",
        "Revised principal allocation"
      ],
      "ActionPhrases": [
        "Lender shares have been updated to reflect",
        "Facility allocations have been revised",
        "Updated loan position assigned",
        "Your new commitment balance is",
        "A rebalancing adjustment has been completed"
      ],
      "DatePhrases": [
        "Effective [date], lender shares adjusted",
        "As of [date], facility balance modified",
        "New allocation takes effect on [date]"
      ]
    },
    "AU Transfer": {
      "Keywords": [
        "Ownership transfer of facility",
        "Assignment of lender rights",
        "Transfer of loan participation",
        "Reassignment of credit exposure",
        "Adjustment of funding obligations"
      ],
      "ActionPhrases": [
        "Effective [date], rights reassigned",
        "Facility participation transferred on [date]",
        "Ownership transfer has been finalized",
        "Lender interest successfully transferred"
      ],
      "DatePhrases": [
        "Ownership transfer as of [date]",
        "Effective [date], rights reassigned",
        "Facility participation transferred on [date]"
      ]
    },
    "Closing Notice": {
      "SubRequestTypes": {
        "Reallocation Fees": {
          "Keywords": [
            "Final settlement notification",
            "Revised repayment agreement",
            "Fee structure modification"
          ],
          "ActionPhrases": [
            "Fee adjustment has been processed",
            "Final terms executed on [date]",
            "Amendment fees updated"
          ],
          "DatePhrases": [
            "Amendment effective from [date]",
            "Fee reallocation as of [date]"
          ]
        },
        "Amendment Fees": {
          "Keywords": [
            "Amendment fee payment notification",
            "Updated facility agreement terms",
            "Revised fee structure"
          ],
          "ActionPhrases": [
            "Amendment fees have been charged",
            "Facility terms updated on [date]"
          ],
          "DatePhrases": [
            "Fee reallocation as of [date]",
            "Final settlement confirmed on [date]"
          ]
        },
        "Reallocation Principal": {
          "Keywords": [
            "Principal redistribution notice",
            "Updated repayment structure",
            "Reallocation of outstanding principal"
          ],
          "ActionPhrases": [
            "Principal reallocation executed",
            "Facility terms adjusted for reallocation"
          ],
          "DatePhrases": [
            "Principal reallocation as of [date]"
          ]
        }
      }
    },
    "Commitment Change": {
      "SubRequestTypes": {
        "Cashless Roll": {
          "Keywords": [
            "Facility increase request",
            "Commitment rollover",
            "Cashless transaction update"
          ],
          "ActionPhrases": [
            "Cashless roll has been executed",
            "Facility rollover processed"
          ],
          "DatePhrases": [
            "Facility update as of [date]",
            "Cashless roll executed on [date]"
          ]
        },
        "Decrease": {
          "Keywords": [
            "Lender share reduction",
            "Commitment decrease request"
          ],
          "ActionPhrases": [
            "Your loan share has been adjusted",
            "Commitment reduction confirmed"
          ],
          "DatePhrases": [
            "Commitment decrease finalized on [date]"
          ]
        },
        "Increase": {
          "Keywords": [
            "Facility increase approved",
            "Additional commitment granted"
          ],
          "ActionPhrases": [
            "Facility expansion request confirmed",
            "Commitment increase executed"
          ],
          "DatePhrases": [
            "Commitment increase effective from [date]"
          ]
        }
      }
    },
    "Fee Payment": {
      "SubRequestTypes": {
        "Ongoing Fee": {
          "Keywords": [
            "Processing of periodic charges",
            "Invoice for upcoming fees",
            "Accrued commitment fee payment"
          ],
          "ActionPhrases": [
            "Fee accrual for the current period is",
            "Invoice generated on [date]"
          ],
          "DatePhrases": [
            "Due date for fee payment: [date]"
          ]
        },
        "Letter of Credit Fee": {
          "Keywords": [
            "Letter of Credit fee is due",
            "Charge applied to credit line"
          ],
          "ActionPhrases": [
            "Your payment obligation includes",
            "Ongoing charge applied as of [date]"
          ],
          "DatePhrases": [
            "Invoice generated on [date]"
          ]
        }
      }
    },
    "Money Movement-Inbound": {
      "SubRequestTypes": {
        "Principal": {
          "Keywords": [
            "Incoming wire notification",
            "Scheduled remittance confirmation",
            "Loan installment received"
          ],
          "ActionPhrases": [
            "Payment credited on [date]",
            "Principal repayment received"
          ],
          "DatePhrases": [
            "Remittance processed as of [date]"
          ]
        },
        "Interest": {
          "Keywords": [
            "Interest payment received",
            "Borrower interest remittance"
          ],
          "ActionPhrases": [
            "Interest remittance alert",
            "Payment scheduled on [date]"
          ],
          "DatePhrases": [
            "Interest applied as of [date]"
          ]
        },
        "Principal + Interest": {
          "Keywords": [
            "Loan repayment received",
            "Interest and principal transferred"
          ],
          "ActionPhrases": [
            "Funds will be credited on [date]",
            "Loan installment successfully processed"
          ],
          "DatePhrases": [
            "Payment credited on [date]"
          ]
        },
        "Principal + Interest + Fee": {
          "Keywords": [
            "Total loan payment including fees",
            "Combined interest, principal, and charges"
          ],
          "ActionPhrases": [
            "Final payment amount includes all dues",
            "Your remittance includes interest and fees"
          ],
          "DatePhrases": [
            "Total due as of [date]"
          ]
        }
      }
    },
    "Money Movement-Outbound": {
      "SubRequestTypes": {
        "Timebound": {
          "Keywords": [
            "Scheduled outgoing transfer",
            "Time-sensitive payout initiated"
          ],
          "ActionPhrases": [
            "Transfer initiated per borrower’s request",
            "Funds scheduled for release on [date]"
          ],
          "DatePhrases": [
            "Payment scheduled for [date]"
          ]
        },
        "Foreign Currency": {
          "Keywords": [
            "FX conversion for wire transfer",
            "Cross-border disbursement"
          ],
          "ActionPhrases": [
            "Funds are being converted and transferred",
            "Foreign currency transaction initiated"
          ],
          "DatePhrases": [
            "FX transfer effective as of [date]"
          ]
        }
      }
    }
  }
}
